<?xml version="1.0" encoding="utf-8"?>
<CanvasApp xmlns:xsi="http://www.w3.org/2001/XMLSchema-instance">
  <Name>es_spacedesigner</Name>
  <FileName>es_spacedesigner</FileName>
  <DisplayName default="Space Designer">
    <label description="Space Designer" languagecode="1033" />
  </DisplayName>
  <Description default="Design and manage office spaces">
    <label description="Design and manage office spaces" languagecode="1033" />
  </Description>
  <CommitMessage>Initial deployment</CommitMessage>
  <Publisher>Easy Spaces</Publisher>
  <Version>1.0.0.0</Version>
  <MinClientVersion>1.0.0.0</MinClientVersion>
  <Tags>easyspaces,spacemanagement</Tags>
  <IntroducedVersion>1.0.0.0</IntroducedVersion>
  <IsCdsUpgraded>1</IsCdsUpgraded>
  <IsCustomizable>1</IsCustomizable>
  <BackgroundColor>RGBA(0, 176, 240, 1)</BackgroundColor>
  <AppComponents>
    <AppComponent type="CanvasApp" schemaName="es_spacedesigner" />
  </AppComponents>
  <AppOpenUri>/providers/Microsoft.PowerApps/apps/es_spacedesigner</AppOpenUri>
  <AppType>ClassicCanvasApp</AppType>
  <Documentation />
  <LocalizedNames>
    <LocalizedName description="Space Designer" languagecode="1033" />
  </LocalizedNames>
  <LocalizedDescriptions>
    <LocalizedDescription description="Design and manage office spaces" languagecode="1033" />
  </LocalizedDescriptions>
</CanvasApp>