﻿<?xml version="1.0" encoding="utf-8"?>
<ImportExportXml xmlns:xsi="http://www.w3.org/2001/XMLSchema-instance">
  <Entities />
  <Roles />
  <Workflows />
  <FieldSecurityProfiles />
  <Templates />
  <EntityMaps />
  <EntityRelationships />
  <OrganizationSettings />
  <optionsets />
  <CustomControls />
  <EntityDataProviders />
  <CanvasApps>
    <CanvasApp unmodified="0">
      <CanvasAppId>{00000000-0000-0000-0000-000000000001}</CanvasAppId>
      <Name>es_spacedesigner</Name>
      <Status>0</Status>
      <CreatedByClientVersion>0.0.0.0</CreatedByClientVersion>
      <MinClientVersion>0.0.0.0</MinClientVersion>
      <Tags>easyspaces</Tags>
      <IsCdsUpgraded>0</IsCdsUpgraded>
      <GalleryItemId>{00000000-0000-0000-0000-000000000000}</GalleryItemId>
      <BackgroundColor>RGBA(243, 242, 241, 1)</BackgroundColor>
      <DisplayName>Space Designer</DisplayName>
      <Description>Interactive space design and management tool</Description>
      <CommitMessage>Initial version</CommitMessage>
      <Publisher>Easy Spaces</Publisher>
      <AuthorizationReferences>[]</AuthorizationReferences>
      <ConnectionReferences>{}</ConnectionReferences>
      <DatabaseReferences>{}</DatabaseReferences>
      <AppComponents>[]</AppComponents>
      <AppComponentDependencies>[]</AppComponentDependencies>
      <CanConsumeAppPass>0</CanConsumeAppPass>
      <CanvasAppType>0</CanvasAppType>
      <BypassConsent>0</BypassConsent>
      <AdminControlBypassConsent>0</AdminControlBypassConsent>
      <EmbeddedApp></EmbeddedApp>
      <IntroducedVersion>1.0.0.0</IntroducedVersion>
      <CdsDependencies>{"entities":["es_market","es_space","es_reservation"]}</CdsDependencies>
      <IsCustomizable>1</IsCustomizable>
      <BackgroundImageUri />
      <DocumentUri />
    </CanvasApp>
    <CanvasApp unmodified="0">
      <CanvasAppId>{00000000-0000-0000-0000-000000000002}</CanvasAppId>
      <Name>es_reservationmanager</Name>
      <Status>0</Status>
      <CreatedByClientVersion>0.0.0.0</CreatedByClientVersion>
      <MinClientVersion>0.0.0.0</MinClientVersion>
      <Tags>easyspaces</Tags>
      <IsCdsUpgraded>0</IsCdsUpgraded>
      <GalleryItemId>{00000000-0000-0000-0000-000000000000}</GalleryItemId>
      <BackgroundColor>RGBA(243, 242, 241, 1)</BackgroundColor>
      <DisplayName>Reservation Manager</DisplayName>
      <Description>Comprehensive reservation management system</Description>
      <CommitMessage>Initial version</CommitMessage>
      <Publisher>Easy Spaces</Publisher>
      <AuthorizationReferences>[]</AuthorizationReferences>
      <ConnectionReferences>{}</ConnectionReferences>
      <DatabaseReferences>{}</DatabaseReferences>
      <AppComponents>[]</AppComponents>
      <AppComponentDependencies>[]</AppComponentDependencies>
      <CanConsumeAppPass>0</CanConsumeAppPass>
      <CanvasAppType>0</CanvasAppType>
      <BypassConsent>0</BypassConsent>
      <AdminControlBypassConsent>0</AdminControlBypassConsent>
      <EmbeddedApp></EmbeddedApp>
      <IntroducedVersion>1.0.0.0</IntroducedVersion>
      <CdsDependencies>{"entities":["es_reservation","es_space","contact","lead"]}</CdsDependencies>
      <IsCustomizable>1</IsCustomizable>
      <BackgroundImageUri />
      <DocumentUri />
    </CanvasApp>
  </CanvasApps>
  <Languages>
    <Language>1033</Language>
  </Languages>
</ImportExportXml>